İL,İLÇE,MEVKİ,ADA,PARSEL,M2 NET,FİYAT,SATIŞ DURUMU
BURSA,İZNİK,ELBEYLİ,1145,287,368,,Satıldı
BURSA,İZNİK,ELBEYLİ,1145,288,398,2.786.000,00,Satışa Açık
BURSA,İZNİK,ELBEYLİ,1145,289,442,,Satıldı
BURSA,İZNİK,ELBEYLİ,1394,7,306,,Satıldı
BURSA,İZNİK,ELBEYLİ,1394,8,360,2.736.000,00,Satışa Açık
BURSA,İZNİK,ELBEYLİ,1394,9,360,2.736.000,00,Satışa Açık
BURSA,İZNİK,ELBEYLİ,1394,10,269,,Satıldı
BURSA,İZNİK,ELBEYLİ,1394,11,339,2.576.400,00,Satışa Açık
BURSA,İZNİK,ELBEYLİ,1394,12,377,2.865.200,00,Satışa Açık
BURSA,İZNİK,ELBEYLİ,1395,3,397,3.017.200,00,Satışa Açık
BURSA,İZNİK,ELBEYLİ,1395,4,346,,Satıldı
BURSA,İZNİK,ELBEYLİ,1395,5,240,,Satıldı
BURSA,İZNİK,ELBEYLİ,1395,6,216,,Satıldı
BURSA,İZNİK,ELBEYLİ,1395,7,216,,Satıldı
BURSA,İZNİK,ELBEYLİ,1395,8,216,,Satıldı
BURSA,İZNİK,ELBEYLİ,1395,9,216,,Satıldı
BURSA,İZNİK,ELBEYLİ,1395,10,261,,Satıldı
BURSA,İZNİK,ELBEYLİ,1395,11,544,4.134.400,00,Satışa Açık
BURSA,İZNİK,ELBEYLİ,1395,12,445,3.382.000,00,Satışa Açık
BURSA,İZNİK,ELBEYLİ,1395,13,320,,Satıldı
BURSA,İZNİK,ELBEYLİ,1395,14,418,,Satıldı
BURSA,İZNİK,ELBEYLİ,1396,8,420,3.192.000,00,Satışa Açık
BURSA,İZNİK,ELBEYLİ,1396,9,419,3.184.400,00,Satışa Açık
BURSA,İZNİK,ELBEYLİ,1396,10,479,3.640.400,00,Satışa Açık
BURSA,İZNİK,ELBEYLİ,1397,3,272,,Satıldı
BURSA,İZNİK,ELBEYLİ,1397,4,244,,Satıldı
BURSA,İZNİK,ELBEYLİ,1397,5,272,,Satıldı
BURSA,İZNİK,ELBEYLİ,1397,6,381,,Satıldı
BURSA,İZNİK,ELBEYLİ,1398,4,324,2.656.800,00,Satışa Açık
BURSA,İZNİK,ELBEYLİ,1398,5,288,,Satıldı
BURSA,İZNİK,ELBEYLİ,1398,6,291,,Satıldı
BURSA,İZNİK,ELBEYLİ,1398,7,294,,Satıldı
BURSA,İZNİK,ELBEYLİ,1398,8,295,,Satıldı
BURSA,İZNİK,ELBEYLİ,1398,9,410,,Satıldı
BURSA,İZNİK,ELBEYLİ,1398,10,391,,Satıldı
BURSA,İZNİK,ELBEYLİ,1398,11,302,,Satıldı
BURSA,İZNİK,ELBEYLİ,1398,12,349,,Satıldı
BURSA,İZNİK,ELBEYLİ,1398,13,302,2.476.400,00,Satışa Açık
BURSA,İZNİK,ELBEYLİ,1398,14,318,2.607.600,00,Satışa Açık
BURSA,İZNİK,ELBEYLİ,1398,15,302,,satıldı
BURSA,İZNİK,ELBEYLİ,1398,16,298,,Satıldı
BURSA,İZNİK,ELBEYLİ,1398,17,304,,Satıldı
BURSA,İZNİK,ELBEYLİ,1398,18,290,2.378.000,00,Satışa Açık
BURSA,İZNİK,ELBEYLİ,1398,19,303,,Satıldı
BURSA,İZNİK,ELBEYLİ,1398,20,341,2.796.200,00,Satışa Açık
BURSA,İZNİK,ELBEYLİ,1398,21,453,3.714.600,00,Satışa Açık
BURSA,İZNİK,ELBEYLİ,1398,22,922,7.560.400,00,Satışa Açık
BURSA,İZNİK,ELBEYLİ,1402,3,714,3.748.500,00,Satışa Açık
BURSA,İZNİK,ELBEYLİ,1402,4,330,,Satıldı
BURSA,İZNİK,ELBEYLİ,1402,5,503,,Satıldı
BURSA,İZNİK,ELBEYLİ,1403,4,320,,Satıldı
BURSA,İZNİK,ELBEYLİ,1403,5,388,,Satıldı
BURSA,İZNİK,ELBEYLİ,1403,6,331,,Satıldı
BURSA,İZNİK,ELBEYLİ,1403,7,404,,Satıldı
BURSA,İZNİK,ELBEYLİ,1403,8,349,,Satıldı
BURSA,İZNİK,ELBEYLİ,1403,9,293,,Satıldı
BURSA,İZNİK,ELBEYLİ,1403,10,302,,Satıldı
BURSA,İZNİK,ELBEYLİ,1403,11,300,,Satıldı
BURSA,İZNİK,ELBEYLİ,1403,12,304,,Satıldı
BURSA,İZNİK,ELBEYLİ,1403,13,349,,Satıldı
BURSA,İZNİK,ELBEYLİ,1403,14,385,2.021.250,00,Satışa Açık
BURSA,İZNİK,ELBEYLİ,1403,15,351,,Satıldı
BURSA,İZNİK,ELBEYLİ,1403,16,357,,Satıldı
BURSA,İZNİK,ELBEYLİ,1403,17,300,1.800.000,00,Satışa Açık
BURSA,İZNİK,ELBEYLİ,1403,18,361,,Satıldı
BURSA,İZNİK,ELBEYLİ,1408,4,403,,Satıldı
BURSA,İZNİK,ELBEYLİ,1408,5,352,,Satıldı
BURSA,İZNİK,ELBEYLİ,1408,6,350,,Satıldı
BURSA,İZNİK,ELBEYLİ,1409,3,394,2.994.400,00,Satışa Açık
BURSA,İZNİK,ELBEYLİ,1409,4,396,3.009.600,00,Satışa Açık
BURSA,İZNİK,ELBEYLİ,1409,5,408,3.100.800,00,Satışa Açık
BURSA,İZNİK,ELBEYLİ,1409,6,227,,Satıldı
BURSA,İZNİK,ELBEYLİ,1409,7,225,,Satıldı
BURSA,İZNİK,ELBEYLİ,1409,8,264,,Satıldı
BURSA,İZNİK,ELBEYLİ,1409,9,408,3.100.800,00,Satışa Açık
BURSA,İZNİK,ELBEYLİ,1409,10,409,3.108.400,00,Satışa Açık
BURSA,İZNİK,ELBEYLİ,1409,11,332,2.523.200,00,Satışa Açık
BURSA,İZNİK,ELBEYLİ,1409,12,338,2.568.800,00,Satışa Açık
BURSA,İZNİK,ELBEYLİ,1409,13,271,,Satıldı
BURSA,İZNİK,ELBEYLİ,1411,6,394,,Satıldı
BURSA,İZNİK,ELBEYLİ,1411,7,334,,Satıldı
BURSA,İZNİK,ELBEYLİ,1411,8,337,,Satıldı
BURSA,İZNİK,ELBEYLİ,1411,9,408,3.060.000,00,Satışa Açık
BURSA,İZNİK,ELBEYLİ,1411,10,419,3.142.500,00,Satışa Açık
BURSA,İZNİK,ELBEYLİ,1411,11,420,3.150.000,00,Satışa Açık
BURSA,İZNİK,ELBEYLİ,1411,12,414,,Satıldı
BURSA,İZNİK,ELBEYLİ,1411,13,292,,Satıldı
BURSA,İZNİK,ELBEYLİ,1411,14,304,2.280.000,00,Satışa Açık
BURSA,İZNİK,ELBEYLİ,1411,15,321,,Satıldı
BURSA,İZNİK,ELBEYLİ,1411,16,369,2.767.500,00,Satışa Açık
BURSA,İZNİK,ELBEYLİ,1411,17,323,2.422.500,00,Satışa Açık
BURSA,İZNİK,ELBEYLİ,1411,18,320,2.400.000,00,Satışa Açık
BURSA,İZNİK,ELBEYLİ,1411,19,317,2.377.500,00,Satışa Açık
BURSA,İZNİK,ELBEYLİ,1411,20,319,2.392.500,00,Satışa Açık
BURSA,İZNİK,ELBEYLİ,1411,21,317,2.377.500,00,Satışa Açık
BURSA,İZNİK,ELBEYLİ,1411,22,338,2.535.000,00,Satışa Açık
BURSA,İZNİK,ELBEYLİ,1411,23,345,2.587.500,00,Satışa Açık
BURSA,İZNİK,ELBEYLİ,1411,24,314,,Satıldı
BURSA,İZNİK,ELBEYLİ,1411,25,391,2.932.500,00,Satışa Açık
BURSA,İZNİK,ELBEYLİ,1411,26,410,,Satıldı
BURSA,İZNİK,ELBEYLİ,1411,27,348,2.610.000,00,Satışa Açık
BURSA,İZNİK,ELBEYLİ,1411,28,310,,Satıldı
BURSA,İZNİK,ELBEYLİ,1411,29,220,,Satıldı
BURSA,İZNİK,ELBEYLİ,1411,30,365,2.737.500,00,Satışa Açık
BURSA,İZNİK,ELBEYLİ,1411,31,365,,Satıldı
BURSA,İZNİK,ELBEYLİ,1411,32,355,,Satıldı
BURSA,İZNİK,ELBEYLİ,1411,33,667,4.002.000,00,Satışa Açık
Kocaeli,İzmit,Kaynarca,190/1,1048,374,2.805.000,00,Satışa Açık
Kocaeli,İzmit,Kaynarca,190/1,1049,290,2.175.000,00,Satışa Açık
Kocaeli,İzmit,Kaynarca,190/1,1050,331,2.482.500,00,Satışa Açık
Kocaeli,İzmit,Kaynarca,190/1,1051,376,2.820.000,00,Satışa Açık
Kocaeli,İzmit,Kaynarca,190/1,1052,403,3.022.500,00,Satışa Açık
Kocaeli,İzmit,Kaynarca,190/1,1054,335,2.512.500,00,Satışa Açık
Kocaeli,İzmit,Kaynarca,190/1,1055,320,2.400.000,00,Satışa Açık
Kocaeli,İzmit,Kaynarca,190/1,1056,425,3.187.500,00,Satışa Açık
Kocaeli,İzmit,Kaynarca,190/1,1057,253,1.897.500,00,Satışa Açık
Kocaeli,İzmit,Kaynarca,190/1,1058,252,1.890.000,00,Satışa Açık
Kocaeli,İzmit,Kaynarca,190/1,1059,251,1.882.500,00,Satışa Açık
Kocaeli,İzmit,Kaynarca,190/1,1060,250,1.875.000,00,Satışa Açık
Kocaeli,İzmit,Kaynarca,190/1,1061,250,1.875.000,00,Satışa Açık
Kocaeli,İzmit,Kaynarca,190/1,1062,250,1.875.000,00,Satışa Açık
Kocaeli,İzmit,Kaynarca,190/1,1063,250,1.875.000,00,Satışa Açık
Kocaeli,İzmit,Kaynarca,190/1,1064,250,1.875.000,00,Satışa Açık
Kocaeli,İzmit,Kaynarca,190/1,1065,250,1.875.000,00,Satışa Açık
Kocaeli,İzmit,Kaynarca,190/1,1066,250,1.875.000,00,Satışa Açık
Kocaeli,İzmit,Kaynarca,190/1,1068,250,1.875.000,00,Satışa Açık
Kocaeli,İzmit,Kaynarca,190/1,1069,250,1.875.000,00,Satışa Açık
Kocaeli,İzmit,Kaynarca,190/1,1070,250,1.875.000,00,Satışa Açık
Kocaeli,İzmit,Kaynarca,190/1,1071,250,1.875.000,00,Satışa Açık
Kocaeli,İzmit,Kaynarca,190/1,1072,250,1.875.000,00,Satışa Açık
Kocaeli,İzmit,Kaynarca,190/1,1073,250,1.875.000,00,Satışa Açık
Kocaeli,İzmit,Kaynarca,190/1,1074,250,1.875.000,00,Satışa Açık
Kocaeli,İzmit,Kaynarca,190/1,1075,250,1.875.000,00,Satışa Açık
Kocaeli,İzmit,Kaynarca,190/1,1076,250,1.875.000,00,Satışa Açık
Kocaeli,İzmit,Kaynarca,190/1,1077,250,1.875.000,00,Satışa Açık
Kocaeli,İzmit,Kaynarca,190/1,1081,250,1.875.000,00,Satışa Açık
Kocaeli,İzmit,Kaynarca,190/1,1082,250,1.875.000,00,Satışa Açık
Kocaeli,İzmit,Kaynarca,190/1,1083,250,1.875.000,00,Satışa Açık
Kocaeli,İzmit,Kaynarca,190/1,1084,285,2.137.500,00,Satışa Açık
Kocaeli,İzmit,Kaynarca,190/1,1085,250,1.875.000,00,Satışa Açık
Kocaeli,İzmit,Kaynarca,190/1,1086,250,1.875.000,00,Satışa Açık
Kocaeli,İzmit,Kaynarca,190/1,1087,250,1.875.000,00,Satışa Açık
Kocaeli,İzmit,Kaynarca,190/1,1088,250,1.875.000,00,Satışa Açık
Kocaeli,İzmit,Kaynarca,190/1,1089,250,1.875.000,00,Satışa Açık
Kocaeli,İzmit,Kaynarca,190/1,1090,250,1.875.000,00,Satışa Açık
Kocaeli,İzmit,Kaynarca,190/1,1091,250,1.875.000,00,Satışa Açık
Kocaeli,İzmit,Kaynarca,190/1,1092,250,1.875.000,00,Satışa Açık
Kocaeli,İzmit,Kaynarca,190/1,1093,250,1.875.000,00,Satışa Açık
Kocaeli,İzmit,Kaynarca,190/1,1094,250,1.875.000,00,Satışa Açık
Kocaeli,İzmit,Kaynarca,190/1,1095,250,1.875.000,00,Satışa Açık
Kocaeli,İzmit,Kaynarca,190/1,1096,258,1.935.000,00,Satışa Açık
Kocaeli,İzmit,Kaynarca,190/1,1098,259,1.942.500,00,Satışa Açık
Kocaeli,İzmit,Kaynarca,190/1,1099,250,1.875.000,00,Satışa Açık
Kocaeli,İzmit,Kaynarca,190/1,1100,250,1.875.000,00,Satışa Açık
Kocaeli,İzmit,Kaynarca,190/1,1101,363,2.722.500,00,Satışa Açık
Kocaeli,İzmit,Kaynarca,190/1,1104,250,1.875.000,00,Satışa Açık
Kocaeli,İzmit,Kaynarca,190/1,1105,250,1.875.000,00,Satışa Açık
Kocaeli,İzmit,Kaynarca,190/1,1106,250,1.875.000,00,Satışa Açık
Kocaeli,İzmit,Kaynarca,190/1,1107,250,1.875.000,00,Satışa Açık
Kocaeli,İzmit,Kaynarca,190/1,1108,250,1.875.000,00,Satışa Açık
Kocaeli,İzmit,Kaynarca,190/1,1109,250,1.875.000,00,Satışa Açık
Kocaeli,İzmit,Kaynarca,190/1,1110,250,1.875.000,00,Satışa Açık
Kocaeli,İzmit,Kaynarca,190/1,1111,250,1.875.000,00,Satışa Açık
Kocaeli,İzmit,Kaynarca,190/1,1112,250,1.875.000,00,Satışa Açık
Kocaeli,İzmit,Kaynarca,190/1,1113,250,1.875.000,00,Satışa Açık
Kocaeli,İzmit,Kaynarca,190/1,1114,288,2.160.000,00,Satışa Açık
Kocaeli,İzmit,Kaynarca,186/1,1116,284,2.130.000,00,Satışa Açık
Kocaeli,İzmit,Kaynarca,186/1,1117,265,1.987.500,00,Satışa Açık
Kocaeli,İzmit,Kaynarca,186/1,1125,257,1.927.500,00,Satışa Açık
Kocaeli,İzmit,Kaynarca,186/1,1126,253,1.897.500,00,Satışa Açık
Kocaeli,İzmit,Kaynarca,186/1,1127,256,1.920.000,00,Satışa Açık
Kocaeli,İzmit,Kaynarca,186/1,1128,314,2.355.000,00,Satışa Açık
Kocaeli,İzmit,Kaynarca,186/1,1129,265,1.987.500,00,Satışa Açık
Kocaeli,İzmit,Kaynarca,186/1,1130,258,1.935.000,00,Satışa Açık
Kocaeli,İzmit,Kaynarca,186/1,1131,285,2.137.500,00,Satışa Açık
Kocaeli,İzmit,Kaynarca,186/1,1133,251,1.882.500,00,Satışa Açık
Kocaeli,İzmit,Kaynarca,186/1,1134,302,2.265.000,00,Satışa Açık
Kocaeli,İzmit,Kaynarca,186/1,1135,284,2.130.000,00,Satışa Açık
Kocaeli,İzmit,Kaynarca,186/1,1136,264,1.980.000,00,Satışa Açık
Kocaeli,İzmit,Kaynarca,186/1,1137,257,1.927.500,00,Satışa Açık
Kocaeli,İzmit,Kaynarca,186/1,1138,250,1.875.000,00,Satışa Açık
Kocaeli,İzmit,Kaynarca,186/1,1147,307,1.995.500,00,Satışa Açık
Kocaeli,İzmit,Kaynarca,186/1,1148,359,2.333.500,00,Satışa Açık
Kocaeli,İzmit,Kaynarca,186/1,1149,377,2.450.500,00,Satışa Açık
Kocaeli,İzmit,Kaynarca,186/1,1185,545,3.542.500,00,Satışa Açık
Kocaeli,İzmit,Kaynarca,186/1,1196,313,2.034.500,00,Satışa Açık
Kocaeli,İzmit,Kaynarca,187/1,1201,271,1.761.500,00,Satışa Açık
Kocaeli,İzmit,Kaynarca,187/1,1207,386,2.509.000,00,Satışa Açık
Kocaeli,İzmit,Kaynarca,187/1,1208,375,2.437.500,00,Satışa Açık
Kocaeli,İzmit,Kaynarca,187/1,1217,436,2.834.000,00,Satışa Açık
Kocaeli,İzmit,Kaynarca,187/1,1220,277,1.800.500,00,Satışa Açık
Kocaeli,İzmit,Kaynarca,187/1,1242,259,1.683.500,00,Satışa Açık
Kocaeli,İzmit,Kaynarca,187/1,1248,321,2.086.500,00,Satışa Açık
Kocaeli,İzmit,Kaynarca,187/1,1254,382,2.483.000,00,Satışa Açık
Kocaeli,İzmit,Kaynarca,187/1,1271,280,1.820.000,00,Satışa Açık
Kocaeli,İzmit,Kaynarca,187/1,1272,280,1.820.000,00,Satışa Açık
Kocaeli,İzmit,Kaynarca,189/1,1287,250,1.625.000,00,Satışa Açık
Kocaeli,İzmit,Kaynarca,189/1,1288,361,2.346.500,00,Satışa Açık
Kocaeli,İzmit,Kaynarca,189/1,1293,290,1.885.000,00,Satışa Açık
Kocaeli,İzmit,Kaynarca,189/1,1296,254,1.651.000,00,Satışa Açık
Kocaeli,İzmit,Kaynarca,119/314,1325,582,3.055.500,00,Satışa Açık
Kocaeli,İzmit,Kaynarca,119/314,1326,583,3.060.750,00,Satışa Açık
Kocaeli,İzmit,Kaynarca,119/315,1337,350,1.837.500,00,Satışa Açık
Kocaeli,İzmit,Kaynarca,188/1,1360,337,1.769.250,00,Satışa Açık
Kocaeli,İzmit,Kaynarca,188/1,1364,260,1.365.000,00,Satışa Açık
Kocaeli,İzmit,Kaynarca,188/1,1369,467,2.451.750,00,Satışa Açık
Kocaeli,İzmit,Kaynarca,188/1,1376,300,1.575.000,00,Satışa Açık
Kocaeli,İzmit,Kaynarca,188/1,1377,300,1.575.000,00,Satışa Açık
Kocaeli,İzmit,Kaynarca,188/1,1378,300,1.575.000,00,Satışa Açık
Kocaeli,İzmit,Kaynarca,188/1,1379,300,1.575.000,00,Satışa Açık
Kocaeli,İzmit,Kaynarca,188/1,1380,300,1.575.000,00,Satışa Açık
Kocaeli,İzmit,Kaynarca,188/1,1383,271,1.422.750,00,Satışa Açık
Kocaeli,İzmit,Kaynarca,188/1,1413,291,1.527.750,00,Satışa Açık
Kocaeli,İzmit,Kaynarca,188/1,1414,277,1.454.250,00,Satışa Açık
Kocaeli,İzmit,Kaynarca,119/363,1461,377,1.979.250,00,Satışa Açık
Kocaeli,İzmit,Kaynarca,119/382,1480,382,2.005.500,00,Satışa Açık
Çanakkale,Lapseki,Şahinli,0,870,300,,Satıldı
Çanakkale,Lapseki,Şahinli,0,871,300,,Satıldı
Çanakkale,Lapseki,Şahinli,0,872,300,,Satıldı
Çanakkale,Lapseki,Şahinli,0,873,300,,Satıldı
Çanakkale,Lapseki,Şahinli,0,874,300,,Satıldı
Çanakkale,Lapseki,Şahinli,0,875,300,,Satıldı
Çanakkale,Lapseki,Şahinli,0,876,300,,Satıldı
Çanakkale,Lapseki,Şahinli,0,877,300,,Satıldı
Çanakkale,Lapseki,Şahinli,0,878,300,,Satıldı
Çanakkale,Lapseki,Şahinli,0,879,300,,Satıldı
Çanakkale,Lapseki,Şahinli,0,880,564,38,,satıldı
Çanakkale,Lapseki,Şahinli,0,881,314,38,,Satıldı
Çanakkale,Lapseki,Şahinli,0,882,288,01,,Satıldı
Çanakkale,Lapseki,Şahinli,0,883,332,97,,Satıldı
Çanakkale,Lapseki,Şahinli,0,884,358,59,,Satıldı
Çanakkale,Lapseki,Şahinli,0,885,260,,Satıldı
Çanakkale,Lapseki,Şahinli,0,886,260,,Satıldı
Çanakkale,Lapseki,Şahinli,0,887,340,86,,Satıldı
Çanakkale,Lapseki,Şahinli,0,888,345,96,,Satıldı
Çanakkale,Lapseki,Şahinli,0,889,270,,Satıldı
Çanakkale,Lapseki,Şahinli,0,890,280,,Satıldı
Çanakkale,Lapseki,Şahinli,0,891,270,,Satıldı
Çanakkale,Lapseki,Şahinli,0,892,357,35,,Satıldı
Çanakkale,Lapseki,Şahinli,0,893,359,23,,Satıldı
Çanakkale,Lapseki,Şahinli,0,894,280,,Satıldı
Çanakkale,Lapseki,Şahinli,0,895,300,,Satıldı
Çanakkale,Lapseki,Şahinli,0,896,300,,Satıldı
Çanakkale,Lapseki,Şahinli,0,897,300,,Satıldı
Çanakkale,Lapseki,Şahinli,0,898,361,41,1.626.345,00,Satışa Açık
Çanakkale,Lapseki,Şahinli,901,900,160,4.167.000,00,Satışa Açık
Çanakkale,Lapseki,Şahinli,901,901,98,4.171.630,00,Satışa Açık
Çanakkale,Lapseki,Şahinli,901,902,98,4.176.260,00,Satışa Açık
Çanakkale,Lapseki,Şahinli,901,903,98,4.180.890,00,Satıldı
Çanakkale,Lapseki,Şahinli,901,904,92,4.185.520,00,Satıldı
Çanakkale,Lapseki,Şahinli,901,905,77,4.190.150,00,Satıldı
Çanakkale,Lapseki,Şahinli,901,906,77,4.194.780,00,Satışa Açık
Çanakkale,Lapseki,Şahinli,901,907,77,4.199.410,00,Satışa Açık
Çanakkale,Lapseki,Şahinli,901,908,77,4.204.040,00,Satışa Açık
Çanakkale,Lapseki,Şahinli,901,909,77,4.208.670,00,Satışa Açık
Çanakkale,Lapseki,Şahinli,901,910,77,4.213.300,00,Satışa Açık
Çanakkale,Lapseki,Şahinli,901,911,77,4.217.930,00,Satışa Açık
Çanakkale,Lapseki,Şahinli,901,912,77,4.222.560,00,Satışa Açık
Çanakkale,Lapseki,Şahinli,901,913,77,4.227.190,00,Satıldı
Çanakkale,Lapseki,Şahinli,900,915,77,4.236.450,00,Satışa Açık
Çanakkale,Lapseki,Şahinli,900,916,77,4.241.080,00,Satışa Açık
Çanakkale,Lapseki,Şahinli,900,917,77,4.245.710,00,Satışa Açık
Çanakkale,Lapseki,Şahinli,900,918,77,4.250.340,00,Satıldı
Çanakkale,Lapseki,Şahinli,900,919,77,4.254.970,00,Satıldı
Çanakkale,Lapseki,Şahinli,900,920,77,4.259.600,00,Satışa Açık
Çanakkale,Lapseki,Şahinli,900,921,77,4.264.230,00,Satışa Açık
Çanakkale,Lapseki,Şahinli,900,922,77,4.268.860,00,Satışa Açık
Çanakkale,Lapseki,Şahinli,901,924,77,4.278.120,00,Satışa Açık
Çanakkale,Lapseki,Şahinli,901,925,77,4.282.750,00,Satışa Açık
Çanakkale,Lapseki,Şahinli,901,926,77,4.287.380,00,Satışa Açık
Çanakkale,Lapseki,Şahinli,901,927,77,4.292.010,00,Satışa Açık
Çanakkale,Lapseki,Şahinli,901,928,77,4.296.640,00,Satışa Açık
Çanakkale,Lapseki,Şahinli,901,929,77,4.301.270,00,Satışa Açık
Çanakkale,Lapseki,Şahinli,901,930,77,4.305.900,00,Satıldı
Çanakkale,Lapseki,Şahinli,901,931,77,4.310.530,00,Satışa Açık
Çanakkale,Lapseki,Şahinli,901,932,77,4.315.160,00,Satıldı
Çanakkale,Lapseki,Şahinli,901,933,77,4.319.790,00,Satışa Açık
Çanakkale,Lapseki,Şahinli,901,934,77,4.324.420,00,Satıldı
Çanakkale,Lapseki,Şahinli,901,935,77,4.329.050,00,Satıldı
Çanakkale,Lapseki,Şahinli,901,936,85,4.333.680,00,Satışa Açık
Çanakkale,Lapseki,Şahinli,901,937,108,4.338.310,00,Satıldı
Çanakkale,Lapseki,Şahinli,901,938,77,4.342.940,00,Satıldı
Çanakkale,Lapseki,Şahinli,901,939,77,4.347.570,00,Satıldı
Çanakkale,Lapseki,Şahinli,901,940,77,4.352.200,00,Satışa Açık
Çanakkale,Lapseki,Şahinli,901,941,77,4.356.830,00,Satışa Açık
Çanakkale,Lapseki,Şahinli,901,942,77,4.361.460,00,Satışa Açık
Çanakkale,Lapseki,Şahinli,901,943,77,4.366.090,00,Satışa Açık
Çanakkale,Lapseki,Şahinli,901,944,77,4.370.720,00,Satışa Açık
Çanakkale,Lapseki,Şahinli,901,945,77,4.375.350,00,Satışa Açık
Çanakkale,Lapseki,Şahinli,901,946,77,4.379.980,00,Satışa Açık
Çanakkale,Lapseki,Şahinli,900,948,77,4.389.240,00,Satışa Açık
Çanakkale,Lapseki,Şahinli,900,949,77,4.393.870,00,Satışa Açık
Çanakkale,Lapseki,Şahinli,900,950,77,4.398.500,00,Satışa Açık
Çanakkale,Lapseki,Şahinli,900,951,77,4.403.130,00,Satıldı
Çanakkale,Lapseki,Şahinli,900,952,77,4.407.760,00,Satışa Açık
Çanakkale,Lapseki,Şahinli,900,953,77,4.412.390,00,Satışa Açık
Çanakkale,Lapseki,Şahinli,900,954,77,4.417.020,00,Satışa Açık
Çanakkale,Lapseki,Şahinli,900,955,77,4.421.650,00,Satışa Açık
Çanakkale,Lapseki,Şahinli,901,957,77,4.430.910,00,Satıldı
Çanakkale,Lapseki,Şahinli,901,958,77,4.435.540,00,Satışa Açık
Çanakkale,Lapseki,Şahinli,901,959,77,4.440.170,00,Satışa Açık
Çanakkale,Lapseki,Şahinli,901,960,77,4.444.800,00,Satışa Açık
Çanakkale,Lapseki,Şahinli,901,961,77,4.449.430,00,Satışa Açık
Çanakkale,Lapseki,Şahinli,901,962,77,4.454.060,00,Satıldı
Çanakkale,Lapseki,Şahinli,901,963,77,4.458.690,00,Satıldı
Çanakkale,Lapseki,Şahinli,901,964,140,4.463.320,00,Satıldı
Çanakkale,Lapseki,Şahinli,901,965,144,4.467.950,00,Satışa Açık
Çanakkale,Lapseki,Şahinli,901,966,77,4.472.580,00,Satıldı
Çanakkale,Lapseki,Şahinli,901,967,77,4.477.210,00,Satışa Açık
Çanakkale,Lapseki,Şahinli,901,968,77,4.481.840,00,Satıldı
Çanakkale,Lapseki,Şahinli,900,970,77,4.491.100,00,Satıldı
Çanakkale,Lapseki,Şahinli,900,971,77,4.495.730,00,Satışa Açık
Çanakkale,Lapseki,Şahinli,900,972,77,4.500.360,00,Satışa Açık
Çanakkale,Lapseki,Şahinli,900,973,77,4.504.990,00,Satıldı
Çanakkale,Lapseki,Şahinli,900,974,115,4.509.620,00,Satıldı
Çanakkale,Lapseki,Şahinli,900,975,77,4.514.250,00,Satıldı
Çanakkale,Lapseki,Şahinli,900,976,115,4.518.880,00,Satıldı
Çanakkale,Lapseki,Şahinli,900,977,77,4.523.510,00,Satışa Açık
Çanakkale,Lapseki,Şahinli,900,978,77,4.528.140,00,Satışa Açık
Çanakkale,Lapseki,Şahinli,900,979,77,4.532.770,00,Satışa Açık
Çanakkale,Lapseki,Şahinli,900,980,75,4.537.400,00,Satışa Açık
Çanakkale,Lapseki,Şahinli,899,981,80,4.542.030,00,Satışa Açık
Çanakkale,Lapseki,Şahinli,899,982,74,4.546.660,00,Satışa Açık
Çanakkale,Lapseki,Şahinli,899,983,72,4.551.290,00,Satıldı
Çanakkale,Lapseki,Şahinli,899,984,75,4.555.920,00,Satıldı
Çanakkale,Lapseki,Şahinli,899,985,77,4.560.550,00,Satışa Açık
Çanakkale,Lapseki,Şahinli,899,986,80,4.565.180,00,Satışa Açık
Çanakkale,Lapseki,Şahinli,899,987,80,4.569.810,00,Satışa Açık
Çanakkale,Lapseki,Şahinli,899,988,80,4.574.440,00,Satışa Açık
Çanakkale,Lapseki,Şahinli,899,989,80,4.579.070,00,Satışa Açık
Çanakkale,Lapseki,Şahinli,899,990,98,4.583.700,00,Satışa Açık
Çanakkale,Lapseki,Şahinli,900,991,77,4.588.330,00,Satışa Açık
Çanakkale,Lapseki,Şahinli,900,992,77,4.592.960,00,Satışa Açık
Çanakkale,Lapseki,Şahinli,900,993,77,4.597.590,00,Satışa Açık
Çanakkale,Lapseki,Şahinli,900,994,77,4.602.220,00,Satışa Açık
Çanakkale,Lapseki,Şahinli,900,995,77,4.606.850,00,Satışa Açık
Çanakkale,Lapseki,Şahinli,900,996,82,4.611.480,00,Satışa Açık
Çanakkale,Lapseki,Şahinli,899,997,84,4.616.110,00,Satışa Açık
Çanakkale,Lapseki,Şahinli,899,998,77,4.620.740,00,Satışa Açık
Çanakkale,Lapseki,Şahinli,899,999,77,4.625.370,00,Satışa Açık
Çanakkale,Lapseki,Şahinli,899,1000,77,4.630.000,00,Satışa Açık
Çanakkale,Lapseki,Şahinli,899,1001,77,4.634.630,00,Satışa Açık
Çanakkale,Lapseki,Şahinli,899,1002,84,4.639.260,00,Satışa Açık
Çanakkale,Lapseki,Şahinli,899,1003,83,4.643.890,00,Satışa Açık
Çanakkale,Lapseki,Şahinli,899,1004,77,4.648.520,00,Satışa Açık
Çanakkale,Lapseki,Şahinli,899,1005,77,4.653.150,00,Satışa Açık
Çanakkale,Lapseki,Şahinli,899,1006,77,4.657.780,00,Satışa Açık
Çanakkale,Lapseki,Şahinli,899,1007,77,4.662.410,00,Satışa Açık
Çanakkale,Lapseki,Şahinli,899,1008,99,4.667.040,00,Satışa Açık
Çanakkale,Lapseki,Şahinli,900,1009,85,4.671.670,00,Satışa Açık
Çanakkale,Lapseki,Şahinli,900,1010,77,4.676.300,00,Satışa Açık
Çanakkale,Lapseki,Şahinli,900,1011,77,4.680.930,00,Satıldı
Çanakkale,Lapseki,Şahinli,900,1012,77,4.685.560,00,Satışa Açık
Çanakkale,Lapseki,Şahinli,900,1013,77,4.690.190,00,Satışa Açık
Çanakkale,Lapseki,Şahinli,900,1014,90,4.694.820,00,Satışa Açık
Çanakkale,Lapseki,Şahinli,899,1015,84,4.699.450,00,Satışa Açık
Çanakkale,Lapseki,Şahinli,899,1016,77,4.704.080,00,Satışa Açık
Çanakkale,Lapseki,Şahinli,899,1017,77,4.708.710,00,Satışa Açık
Çanakkale,Lapseki,Şahinli,899,1018,77,4.713.340,00,Satışa Açık
Çanakkale,Lapseki,Şahinli,899,1019,77,4.717.970,00,Satışa Açık
Çanakkale,Lapseki,Şahinli,899,1020,126,4.722.600,00,Satışa Açık
Çanakkale,Lapseki,Şahinli,899,1021,114,4.727.230,00,Satıldı
Çanakkale,Lapseki,Şahinli,899,1022,77,4.731.860,00,Satışa Açık
Çanakkale,Lapseki,Şahinli,899,1023,77,4.736.490,00,Satışa Açık
Çanakkale,Lapseki,Şahinli,899,1024,77,4.741.120,00,Satışa Açık
Çanakkale,Lapseki,Şahinli,899,1025,77,4.745.750,00,Satıldı
Çanakkale,Lapseki,Şahinli,899,1026,99,4.750.380,00,Satışa Açık
Çanakkale,Lapseki,Şahinli,900,1027,92,4.755.010,00,Satışa Açık
Çanakkale,Lapseki,Şahinli,900,1028,77,4.759.640,00,Satıldı
Çanakkale,Lapseki,Şahinli,900,1029,77,4.764.270,00,Kapalı
Çanakkale,Lapseki,Şahinli,900,1030,70,4.768.900,00,Satıldı
Çanakkale,Lapseki,Şahinli,900,1031,88,4.773.530,00,Satışa Açık
Çanakkale,Lapseki,Şahinli,900,1032,90,4.778.160,00,Satışa Açık
Çanakkale,Lapseki,Şahinli,900,1033,90,4.782.790,00,Satışa Açık
Çanakkale,Lapseki,Şahinli,900,1034,94,4.787.420,00,Satışa Açık
Çanakkale,Lapseki,Şahinli,900,1035,90,4.792.050,00,Satışa Açık
Çanakkale,Lapseki,Şahinli,900,1036,120,4.796.680,00,Satışa Açık
Çanakkale,Lapseki,Şahinli,899,1037,142,4.801.310,00,Satışa Açık
Çanakkale,Lapseki,Şahinli,899,1038,78,4.805.940,00,Satışa Açık
Çanakkale,Lapseki,Şahinli,899,1039,77,4.810.570,00,Satışa Açık
Çanakkale,Lapseki,Şahinli,899,1040,77,4.815.200,00,Satışa Açık
Çanakkale,Lapseki,Şahinli,899,1041,77,4.819.830,00,Satışa Açık
Çanakkale,Lapseki,Şahinli,899,1042,77,4.824.460,00,Satışa Açık
Çanakkale,Lapseki,Şahinli,899,1043,106,4.829.090,00,Satışa Açık
Çanakkale,Lapseki,Şahinli,899,1044,88,4.833.720,00,Satışa Açık
Çanakkale,Lapseki,Şahinli,899,1045,77,4.838.350,00,Satışa Açık
Çanakkale,Lapseki,Şahinli,899,1046,77,4.842.980,00,Satışa Açık
Çanakkale,Lapseki,Şahinli,899,1047,77,4.847.610,00,Satışa Açık
Çanakkale,Lapseki,Şahinli,899,1048,77,4.852.240,00,Satışa Açık
Çanakkale,Lapseki,Şahinli,899,1049,77,4.856.870,00,Satışa Açık
Çanakkale,Lapseki,Şahinli,899,1050,75,4.861.500,00,Satışa Açık
Çanakkale,Lapseki,Şahinli,899,1051,82,4.866.130,00,Satışa Açık
Çanakkale,Lapseki,Şahinli,899,1052,92,4.870.760,00,Satışa Açık
Çanakkale,Lapseki,Şahinli,899,1053,165,4.875.390,00,Satışa Açık
Düzce,Gümüşova,Yeşilyayla,361,1A,276 m²,,Satıldı
Düzce,Gümüşova,Yeşilyayla,361,1B,262 m²,,Satıldı
Düzce,Gümüşova,Yeşilyayla,361,2A,230 m²,,Satıldı
Düzce,Gümüşova,Yeşilyayla,361,2B,200 m²,,Satıldı
Düzce,Gümüşova,Yeşilyayla,361,3A,236 m²,,Satıldı
Düzce,Gümüşova,Yeşilyayla,361,3B,236 m²,,Satıldı
Düzce,Gümüşova,Yeşilyayla,361,4AB,476 m²,,Satıldı
Düzce,Gümüşova,Yeşilyayla,361,5B,260 m²,,Satıldı
Düzce,Gümüşova,Yeşilyayla,361,6A,260 m²,,Satıldı
Düzce,Gümüşova,Yeşilyayla,361,6B,250 m²,,Satıldı
Düzce,Gümüşova,Yeşilyayla,361,7A,250 m²,,Satıldı
Düzce,Gümüşova,Yeşilyayla,361,7B,250 m²,,Satıldı
Düzce,Gümüşova,Yeşilyayla,361,8AB,500 m²,,Satıldı
Düzce,Gümüşova,Yeşilyayla,361,5A,273 m²,,Satıldı
Düzce,Gümüşova,Yeşilyayla,362,1,944 m²,,Satıldı
Düzce,Gümüşova,Yeşilyayla,363,1A,393 m²,1.768.500,00,Satışa Açık
Düzce,Gümüşova,Yeşilyayla,363,1B,142 m²,,Satıldı
Düzce,Gümüşova,Yeşilyayla,363,2A,340 m²,,Satıldı
Düzce,Gümüşova,Yeşilyayla,363,2B,342 m²,,Satıldı
Düzce,Gümüşova,Yeşilyayla,363,3A,352 m²,,Satıldı
Düzce,Gümüşova,Yeşilyayla,363,3B,350 m²,,Satıldı
Düzce,Gümüşova,Yeşilyayla,363,1C,250 m²,,Satıldı
Düzce,Gümüşova,Yeşilyayla,363,4A,265 m²,,Satıldı
Düzce,Gümüşova,Yeşilyayla,363,4B,250 m²,,Satıldı
Düzce,Gümüşova,Yeşilyayla,363,4C,250 m²,,Satıldı
Düzce,Gümüşova,Yeşilyayla,364,1A,250 m²,,Satıldı
Düzce,Gümüşova,Yeşilyayla,364,1B,250 m²,,Satıldı
Düzce,Gümüşova,Yeşilyayla,364,2AB,500 m²,,Satıldı
Düzce,Gümüşova,Yeşilyayla,364,3A,250 m²,,Satıldı
Düzce,Gümüşova,Yeşilyayla,364,3B,250 m²,,Satıldı
Düzce,Gümüşova,Yeşilyayla,364,4A,250 m²,,Satıldı
Düzce,Gümüşova,Yeşilyayla,364,4B,250 m²,,Satıldı
Düzce,Gümüşova,Yeşilyayla,364,5A,325 m²,,Satıldı
Düzce,Gümüşova,Yeşilyayla,364,5B,250 m²,,Satıldı
Düzce,Gümüşova,Yeşilyayla,364,6A,255 m²,,Satıldı
Düzce,Gümüşova,Yeşilyayla,364,6B,245 m²,,Satıldı
Düzce,Gümüşova,Yeşilyayla,364,7A,250 m²,,Satıldı
Düzce,Gümüşova,Yeşilyayla,364,7B,250 m²,,Satıldı
Düzce,Gümüşova,Yeşilyayla,364,8AB,500 m²,,Satıldı
Düzce,Gümüşova,Yeşilyayla,364,11A,250 m²,,Satıldı
Düzce,Gümüşova,Yeşilyayla,364,11B,250 m²,,Satıldı
Düzce,Gümüşova,Yeşilyayla,364,12AB,500 m²,,Satıldı
Düzce,Gümüşova,Yeşilyayla,364,13AB,500 m²,,Satıldı
Düzce,Gümüşova,Yeşilyayla,364,9AB,575 m²,,Satıldı
Düzce,Gümüşova,Yeşilyayla,364,10AB,611 m²,,Satıldı
Düzce,Gümüşova,Yeşilyayla,365,1A,335 m²,,Satıldı
Düzce,Gümüşova,Yeşilyayla,365,1B,340 m²,,Satıldı
Düzce,Gümüşova,Yeşilyayla,365,2A,305 m²,,Satıldı
Düzce,Gümüşova,Yeşilyayla,365,2B,305 m²,,Satıldı
Düzce,Gümüşova,Yeşilyayla,365,3A,345 m²,,Satıldı
Düzce,Gümüşova,Yeşilyayla,365,3B,335 m²,,Satıldı
Düzce,Gümüşova,Yeşilyayla,366,1AB,500 m²,,Satıldı
Düzce,Gümüşova,Yeşilyayla,366,4A,278 m²,,Satıldı
Düzce,Gümüşova,Yeşilyayla,366,2A,250 m²,,Satıldı
Düzce,Gümüşova,Yeşilyayla,366,2B,250 m²,,Satıldı
Düzce,Gümüşova,Yeşilyayla,366,3A,250 m²,,Satıldı
Düzce,Gümüşova,Yeşilyayla,366,3B,250 m²,,Satıldı
Düzce,Gümüşova,Yeşilyayla,366,4B,220 m²,,Satıldı
Düzce,Gümüşova,Yeşilyayla,367,10AB,500 m²,,Satıldı
Düzce,Gümüşova,Yeşilyayla,367,1A,250 m²,1.125.000,00,Satışa Açık
Düzce,Gümüşova,Yeşilyayla,367,1B,250 m²,1.125.000,00,Satışa Açık
Düzce,Gümüşova,Yeşilyayla,367,2A,250 m²,1.125.000,00,Satışa Açık
Düzce,Gümüşova,Yeşilyayla,367,2B,250 m²,1.125.000,00,Satışa Açık
Düzce,Gümüşova,Yeşilyayla,367,3A,250 m²,1.125.000,00,Satışa Açık
Düzce,Gümüşova,Yeşilyayla,367,3B,250 m²,1.125.000,00,Satışa Açık
Düzce,Gümüşova,Yeşilyayla,367,4AB,500 m²,,Satıldı
Düzce,Gümüşova,Yeşilyayla,367,5A,250 m²,,Satıldı
Düzce,Gümüşova,Yeşilyayla,367,5B,250 m²,,Satıldı
Düzce,Gümüşova,Yeşilyayla,367,6B,250 m²,1.125.000,00,Satışa Açık
Düzce,Gümüşova,Yeşilyayla,367,6B,250 m²,1.125.000,00,Satışa Açık
Düzce,Gümüşova,Yeşilyayla,367,7A,400 m²,1.800.000,00,Satışa Açık
Düzce,Gümüşova,Yeşilyayla,367,7B,405 m²,1.822.500,00,Satışa Açık
Düzce,Gümüşova,Yeşilyayla,367,8AB,500 m²,,Satıldı
Düzce,Gümüşova,Yeşilyayla,367,9AB,500 m²,,Satıldı
Düzce,Gümüşova,Yeşilyayla,367,11AB,448 m²,,Satıldı
Düzce,Gümüşova,Yeşilyayla,367,12AB,464 m²,,Satıldı
Düzce,Gümüşova,Yeşilyayla,367,13A,250 m²,1.125.000,00,Satışa Açık
Düzce,Gümüşova,Yeşilyayla,367,13B,250 m²,1.125.000,00,Satışa Açık
Düzce,Gümüşova,Yeşilyayla,368,1A,320 m²,1.440.000,00,Satışa Açık
Düzce,Gümüşova,Yeşilyayla,368,1B,385 m²,1.732.500,00,Satışa Açık
Düzce,Gümüşova,Yeşilyayla,368,2AB,685 m²,,Satıldı
Düzce,Gümüşova,Yeşilyayla,369,2A,315 m²,,Satıldı
Düzce,Gümüşova,Yeşilyayla,369,1AB,545 m²,,Satıldı
Düzce,Gümüşova,Yeşilyayla,369,2B,285 m²,1.282.500,00,Satışa Açık
Düzce,Gümüşova,Yeşilyayla,369,3A,255 m²,,Satıldı
Düzce,Gümüşova,Yeşilyayla,369,3B,255 m²,,Satıldı
Düzce,Gümüşova,Yeşilyayla,369,4A,285 m²,1.282.500,00,Satışa Açık
Düzce,Gümüşova,Yeşilyayla,369,4B,300 m²,,Satıldı
Düzce,Gümüşova,Yeşilyayla,369,5AB,560 m²,,Satıldı
Düzce,Gümüşova,Yeşilyayla,369,6AB,450 m²,,Satıldı
Balıkesir,Ayvalık,Çamoba,101/1,1,237,,Satıldı
Balıkesir,Ayvalık,Çamoba,101/1,2,219,,Satıldı
Balıkesir,Ayvalık,Çamoba,101/1,3,240,,Satıldı
Balıkesir,Ayvalık,Çamoba,101/1,4,200,,Satıldı
Balıkesir,Ayvalık,Çamoba,101/1,5,232,,Satıldı
Balıkesir,Ayvalık,Çamoba,101/1,6,197,,Satıldı
Balıkesir,Ayvalık,Çamoba,101/1,7,259,,Satıldı
Balıkesir,Ayvalık,Çamoba,101/1,8,223,2.230.000,00,satışa açık
Balıkesir,Ayvalık,Çamoba,101/1,9,232,,Satıldı
Balıkesir,Ayvalık,Çamoba,101/1,10,204,2.040.000,00,satışa açık
Balıkesir,Ayvalık,Çamoba,101/1,11,234,,Satıldı
Balıkesir,Ayvalık,Çamoba,101/1,12,209,2.090.000,00,satışa açık
Balıkesir,Ayvalık,Çamoba,101/1,13,248,,Satıldı
Balıkesir,Ayvalık,Çamoba,101/1,14,225,2.250.000,00,satışa açık
Balıkesir,Ayvalık,Çamoba,101/1,15,224,,Satıldı
Balıkesir,Ayvalık,Çamoba,101/1,16,201,,Satıldı
Balıkesir,Ayvalık,Çamoba,101/1,17,193,,Satıldı
Balıkesir,Ayvalık,Çamoba,101/1,18,86,,Satıldı
Balıkesir,Ayvalık,Çamoba,101/1,19,169,,Satıldı
Balıkesir,Ayvalık,Çamoba,101/1,20,93,,Satıldı
Balıkesir,Ayvalık,Çamoba,101/1,21,212,,Satıldı
Balıkesir,Ayvalık,Çamoba,101/1,22,191,1.910.000,00,satışa açık
Balıkesir,Ayvalık,Çamoba,101/1,23,186,1.860.000,00,satışa açık
Balıkesir,Ayvalık,Çamoba,101/1,24,211,2.110.000,00,satışa açık
Balıkesir,Ayvalık,Çamoba,101/1,25,205,2.050.000,00,satışa açık
Balıkesir,Ayvalık,Çamoba,101/1,26,191,,Satıldı
Balıkesir,Ayvalık,Çamoba,101/1,27,249,,Satıldı
Balıkesir,Ayvalık,Çamoba,101/1,28,243,,Satıldı
Balıkesir,Ayvalık,Çamoba,101/1,29,202,,Satıldı
Balıkesir,Ayvalık,Çamoba,101/1,30,164,,Satıldı
Balıkesir,Ayvalık,Çamoba,101/1,31,154,,Satıldı
Balıkesir,Ayvalık,Çamoba,101/1,32,168,,Satıldı
Balıkesir,Ayvalık,Çamoba,101/1,33,168,,Satıldı
Balıkesir,Ayvalık,Çamoba,101/1,34,216,,Satıldı
Balıkesir,Ayvalık,Çamoba,101/1,35,210,,Satıldı
Balıkesir,Ayvalık,Çamoba,101/1,36,92,5,,Satıldı
Balıkesir,Ayvalık,Çamoba,101/1,37,218,,Satıldı
Balıkesir,Ayvalık,Çamoba,101/1,38,179,1.790.000,00,satışa açık
Balıkesir,Ayvalık,Çamoba,101/1,39,212,,Satıldı
Balıkesir,Ayvalık,Çamoba,101/1,40,186,1.860.000,00,satışa açık
Balıkesir,Ayvalık,Çamoba,101/1,41,223,,Satıldı
Balıkesir,Ayvalık,Çamoba,101/1,42,171,,Satıldı
Balıkesir,Ayvalık,Çamoba,101/1,43,206,,Satıldı
Balıkesir,Ayvalık,Çamoba,101/1,44,183,1.830.000,00,satışa açık
Balıkesir,Ayvalık,Çamoba,101/1,45,221,,Satıldı
Balıkesir,Ayvalık,Çamoba,101/1,46,188,,Satıldı
Balıkesir,Ayvalık,Çamoba,101/1,47,228,,Satıldı
Balıkesir,Ayvalık,Çamoba,101/1,48,151,,Satıldı
Balıkesir,Ayvalık,Çamoba,101/1,49,188,,Satıldı
Balıkesir,Ayvalık,Çamoba,101/1,50,231,,Satıldı
Balıkesir,Ayvalık,Çamoba,101/1,51,178,,Satıldı
Balıkesir,Ayvalık,Çamoba,101/1,52,184,,Satıldı
Balıkesir,Ayvalık,Çamoba,101/1,53,190,,Satıldı
Balıkesir,Ayvalık,Çamoba,101/1,54,175,,Satıldı
Balıkesir,Ayvalık,Çamoba,101/1,55,191,,Satıldı
Balıkesir,Ayvalık,Çamoba,101/1,56,88,,Satıldı
Balıkesir,Ayvalık,Çamoba,101/1,57,184,,Satıldı
Balıkesir,Ayvalık,Çamoba,101/1,58,211,,Satıldı
Balıkesir,Ayvalık,Çamoba,101/1,59,236,,Satıldı
Balıkesir,Ayvalık,Çamoba,101/1,60,186,,Satıldı
Balıkesir,Ayvalık,Çamoba,101/1,61,192,,Satıldı
Balıkesir,Ayvalık,Çamoba,101/1,62,187,,Satıldı
Balıkesir,Ayvalık,Çamoba,101/1,63,185,,Satıldı
Balıkesir,Ayvalık,Çamoba,101/1,64,182,,Satıldı
Balıkesir,Ayvalık,Çamoba,101/1,65,174,,Satıldı
Balıkesir,Ayvalık,Çamoba,101/1,66,193,,Satıldı
Balıkesir,Ayvalık,Çamoba,101/1,67,216,,Satıldı
Balıkesir,Ayvalık,Çamoba,101/1,68,220,,Satıldı
Balıkesir,Ayvalık,Çamoba,101/1,69,189,,Satıldı
Balıkesir,Ayvalık,Çamoba,101/1,70,168,,Satıldı
Balıkesir,Ayvalık,Çamoba,101/1,71,199,,Satıldı
Balıkesir,Ayvalık,Çamoba,101/1,72,183,,Satıldı
Balıkesir,Ayvalık,Çamoba,101/1,73,194,,Satıldı
Balıkesir,Ayvalık,Çamoba,101/1,74,197,,Satıldı
Balıkesir,Ayvalık,Çamoba,101/1,75,189,,Satıldı
Balıkesir,Ayvalık,Çamoba,101/1,76,206,,Satıldı
Balıkesir,Ayvalık,Çamoba,101/1,77,197,,Satıldı
Balıkesir,Ayvalık,Çamoba,101/1,78,223,,Satıldı
Balıkesir,Ayvalık,Çamoba,101/1,79,199,,Satıldı
Balıkesir,Ayvalık,Çamoba,101/1,80,209,,Satıldı
Balıkesir,Ayvalık,Çamoba,101/1,81,198,,Satıldı
Balıkesir,Ayvalık,Çamoba,101/1,82,213,,Satıldı
Balıkesir,Ayvalık,Çamoba,101/1,83,195,,Satıldı
Balıkesir,Ayvalık,Çamoba,101/1,84,217,,Satıldı
Balıkesir,Ayvalık,Çamoba,101/1,85,218,,Satıldı
Balıkesir,Ayvalık,Çamoba,104/1,1.,346,2.595.000,00,Satışa Açık
Balıkesir,Ayvalık,Çamoba,104/1,2.,327,2.452.500,00,Satışa Açık
Balıkesir,Ayvalık,Çamoba,104/1,3.,274,2.055.000,00,Satışa Açık
Balıkesir,Ayvalık,Çamoba,104/1,4.,217,,Satıldı
Balıkesir,Ayvalık,Çamoba,104/1,5.,252,,Satıldı
Balıkesir,Ayvalık,Çamoba,104/1,6.,192,,Satıldı
Balıkesir,Ayvalık,Çamoba,104/1,7.,296,2.220.000,00,Satışa Açık
Balıkesir,Ayvalık,Çamoba,104/1,8.,170,2.040.000,00,Satışa Açık
Balıkesir,Ayvalık,Çamoba,104/1,9.,240,1.800.000,00,Satışa Açık
Balıkesir,Ayvalık,Çamoba,104/1,10.,177,1.327.500,00,Satışa Açık
Balıkesir,Ayvalık,Çamoba,104/1,11.,213,1.597.500,00,Satışa Açık
Balıkesir,Ayvalık,Çamoba,104/1,12.,175,1.312.500,00,Satışa Açık
Balıkesir,Ayvalık,Çamoba,104/1,13.,176,,Satıldı
Balıkesir,Ayvalık,Çamoba,104/1,14.,246,,Satıldı
Balıkesir,Ayvalık,Çamoba,104/1,15.,165,1.980.000,00,Satışa Açık
Balıkesir,Ayvalık,Çamoba,104/1,16.,166,1.992.000,00,Satışa Açık
Balıkesir,Ayvalık,Çamoba,104/1,17.,145,1.740.000,00,Satışa Açık
Balıkesir,Ayvalık,Çamoba,104/1,18.,186,2.232.000,00,Satışa Açık
Balıkesir,Ayvalık,Çamoba,104/1,19.,139,1.668.000,00,Satışa Açık
Balıkesir,Ayvalık,Çamoba,104/1,20.,216,1.620.000,00,Satışa Açık
Balıkesir,Ayvalık,Çamoba,104/1,21.,239,1.792.500,00,Satışa Açık
Balıkesir,Ayvalık,Çamoba,104/1,22.,218,1.635.000,00,Satışa Açık
Balıkesir,Ayvalık,Çamoba,104/1,23.,163,,Satıldı
Balıkesir,Ayvalık,Çamoba,104/1,24.,184,1.380.000,00,Satışa Açık
Balıkesir,Ayvalık,Çamoba,104/1,25.,187,1.402.500,00,Satışa Açık
Balıkesir,Ayvalık,Çamoba,104/1,26.,158,1.185.000,00,Satışa Açık
Balıkesir,Ayvalık,Çamoba,104/1,27.,211,,Satıldı
Balıkesir,Ayvalık,Çamoba,104/1,28.,327,2.452.500,00,Satışa Açık
Balıkesir,Ayvalık,Çamoba,104/1,29.,220,1.650.000,00,Satışa Açık
Balıkesir,Ayvalık,Çamoba,104/1,30.,255,1.912.500,00,Satışa Açık
Balıkesir,Ayvalık,Çamoba,104/1,31.,164,1.968.000,00,Satışa Açık
Balıkesir,Ayvalık,Çamoba,104/1,32.,237,1.777.500,00,Satışa Açık
Balıkesir,Ayvalık,Çamoba,104/1,33.,191,2.292.000,00,Satışa Açık
Balıkesir,Ayvalık,Çamoba,104/1,34.,239,1.792.500,00,Satışa Açık
Balıkesir,Ayvalık,Çamoba,104/1,35.,185,2.220.000,00,Satışa Açık
Balıkesir,Ayvalık,Çamoba,104/1,36.,271,2.032.500,00,Satışa Açık
Balıkesir,Ayvalık,Çamoba,104/1,37.,168,,Satıldı
Balıkesir,Ayvalık,Çamoba,104/1,38.,243,1.822.500,00,Satışa Açık
Balıkesir,Ayvalık,Çamoba,104/1,39.,155,,Satıldı
Balıkesir,Ayvalık,Çamoba,104/1,40.,229,1.717.500,00,Satışa Açık
Balıkesir,Ayvalık,Çamoba,104/1,41.,235,,Satıldı
Balıkesir,Ayvalık,Çamoba,104/1,42.,193,1.447.500,00,Satışa Açık
Balıkesir,Ayvalık,Çamoba,104/1,43.,210,1.575.000,00,Satışa Açık
Balıkesir,Ayvalık,Çamoba,104/1,44.,189,,Satıldı
Balıkesir,Ayvalık,Çamoba,104/1,45.,186,,Satıldı
Balıkesir,Ayvalık,Çamoba,104/1,46.,200,1.500.000,00,Satışa Açık
Balıkesir,Ayvalık,Çamoba,104/1,47.,188,1.410.000,00,Satışa Açık
Balıkesir,Ayvalık,Çamoba,104/1,48.,253,,Satıldı
Balıkesir,Ayvalık,Çamoba,104/1,49.,197,1.477.500,00,Satışa Açık
Balıkesir,Ayvalık,Çamoba,104/1,50.,163,1.222.500,00,Satışa Açık
Balıkesir,Ayvalık,Çamoba,104/1,51.,167,,Satıldı
Balıkesir,Ayvalık,Çamoba,104/1,52.,183,1.372.500,00,Satışa Açık
Balıkesir,Ayvalık,Çamoba,104/1,53.,173,,Satıldı
Balıkesir,Ayvalık,Çamoba,104/1,54.,173,,Satıldı
Balıkesir,Ayvalık,Çamoba,104/1,55.,160,,Satıldı
Balıkesir,Ayvalık,Çamoba,104/1,56.,169,,Satıldı
Balıkesir,Ayvalık,Çamoba,104/1,57.,202,,Satıldı
Balıkesir,Ayvalık,Çamoba,104/1,58.,272,2.040.000,00,Satışa Açık
Balıkesir,Ayvalık,Çamoba,104/1,59.,237,1.777.500,00,Satışa Açık
Balıkesir,Ayvalık,Çamoba,104/1,60.,217,1.627.500,00,Satışa Açık
Balıkesir,Ayvalık,Çamoba,104/1,61.,235,1.762.500,00,Satışa Açık
Balıkesir,Ayvalık,Çamoba,104/1,62.,226,1.695.000,00,Satışa Açık
Balıkesir,Ayvalık,Çamoba,104/1,63.,226,1.695.000,00,Satışa Açık
Balıkesir,Ayvalık,Çamoba,104/1,64.,194,1.455.000,00,Satışa Açık
Balıkesir,Ayvalık,Çamoba,104/1,65.,230,1.725.000,00,Satışa Açık
Balıkesir,Ayvalık,Çamoba,104/1,66.,303,2.272.500,00,Satışa Açık
Balıkesir,Ayvalık,Çamoba,104/1,67.,272,2.040.000,00,Satışa Açık
Balıkesir,Ayvalık,Çamoba,104/1,68.,208,1.560.000,00,Satışa Açık
Balıkesir,Ayvalık,Çamoba,104/1,69.,229,1.717.500,00,Satışa Açık
Balıkesir,Ayvalık,Çamoba,104/1,70.,248,1.860.000,00,Satışa Açık
Balıkesir,Ayvalık,Çamoba,104/1,71.,287,2.152.500,00,Satışa Açık
Balıkesir,Ayvalık,Çamoba,104/1,72.,289,2.167.500,00,Satışa Açık
Balıkesir,Ayvalık,Çamoba,104/1,73.,303,2.272.500,00,Satışa Açık
Balıkesir,Ayvalık,Çamoba,104/1,74.,303,2.272.500,00,Satışa Açık
Balıkesir,Ayvalık,Çamoba,104/1,75.,286,2.145.000,00,Satışa Açık
Balıkesir,Ayvalık,Çamoba,104/1,76.,325,2.437.500,00,Satışa Açık
